food_id,food_name,amount,category,calories,protein,carbohydrate,sugar,fat,sodium,food_type,category_encoded,sugar_to_carb_ratio,fat_to_calorie_ratio,calories_scaled,protein_scaled,carbohydrate_scaled,sugar_scaled,fat_scaled,sodium_scaled,category_encoded_scaled,sugar_to_carb_ratio_scaled,fat_to_calorie_ratio_scaled,food_type_encoded
1,กล้วยไข่,100 g,ผลไม้,107,1.35,24.3,21.5,0.11,22,สมดุล,1,0.88477338,-0.662,0.001028037,-0.893599186,-0.8994391232071472,1.401347673,-0.846074375,-0.795074316,-0.97026571,1.558601847,-1.203554853,0
2,กล้วยน้ำว้า,100 g,ผลไม้,118,0.78,27.18,18.47,0.15,4,สมดุล,1,0.679543782,0.001271186,-0.825733297,-0.945351019,-0.111679402,1.100155243,-0.842409,-0.827129621,-0.97026571,0.997406455,-1.193503016,0
4,ขนุน,100 g,ผลไม้,101,1.55,21.73,19.17,0.42,26,สมดุล,1,0.88219052,0.004158416,-0.930616944,-0.883329707,-0.339504674,1.169737653,-0.817667716,-0.787950914,-0.97026571,1.551538315,-1.074144295,0
7,เงาะ,100 g,ผลไม้,77,0.97,17.92,0,0.14,14,สมดุล,1,0,0.001818182,-1.078687976,-0.930047058,-0.498773351,-0.735826334,-0.843325344,-0.809321118,-0.97026571,-0.860787093,-1.170890103,0
9,แตงโม,100 g,ผลไม้,37,0.81,8.07,8.15,0.07,4,สมดุล,1,1.009913258,0.001891892,-1.32547303,-0.942934604,-0.910530953,0.074311719,-0.849739751,-0.827129621,-0.97026571,1.900792586,-1.167842911,0
10,ทุเรียน,100 g,ผลไม้,140,2.26,23.81,14.75,3.34,11,สมดุล,1,0.61948761,0.023857143,-0.690001517,-0.826141224,-0.252554845,0.730374438,-0.550095311,-0.814663669,-0.97026571,0.833184525,-0.259794437,0
11,น้อยหน่า,100 g,ผลไม้,100,1.32,21.84,17.23,0.2,4,สมดุล,1,0.788919414,0.002,-0.936786571,-0.901855553,-0.334906366,0.976894975,-0.837827281,-0.827129621,-0.97026571,1.296491073,-1.163373698,0
12,มังคุด,100 g,ผลไม้,77,0.5,17.7,17.34,0.06,2,สมดุล,1,0.979661016,0.000779221,-1.078687976,-0.967904223,-0.507969967,0.987829353,-0.850656094,-0.830691322,-0.97026571,1.818068675,-1.213840988,0
15,องุ่น,100 g,ผลไม้,51,0.49,10.64,11.17,0.13,6,สมดุล,1,1.049812029,0.00254902,-1.239098261,-0.968709694,-0.803097751,0.374510115,-0.844241687,-0.82356792,-0.97026571,2.009894665,-1.140677102,0
27,น้ำเก็กฮวย,1 แก้ว / 200 ml,เครื่องดื่ม,72,0,18,15,0,10,สมดุล,4,0.833333333,0,-1.109536108,-1.008177802,-0.495429127,0.755225299,-0.856154158,-0.816444519,1.316161038,1.417939699,-1.246054153,0
28,น้ำมะนาว,1 แก้ว / 200 ml,เครื่องดื่ม,60,1,20,1.7,0.2,4.8,สมดุล,4,0.085,0.003333333,-1.183571624,-0.927630644,-0.411823522,-0.566840483,-0.837827281,-0.825704941,1.316161038,-0.62835696,-1.108253394,0
29,น้ำเสาวรส,1 แก้ว / 200 ml,เครื่องดื่ม,110,4,19,17,1.5,40,สมดุล,4,0.894736842,0.013636364,-0.875090307,-0.685989168,-0.453626324,0.954032183,-0.71870258,-0.76301901,1.316161038,1.585845884,-0.682323776,0
30,น้ำองุ่น,1 แก้ว / 200 ml,เครื่องดื่ม,142,0,36,14,0,22,สมดุล,4,0.388888889,0,-0.677662265,-1.008177802,0.257021314,0.655821856,-0.856154158,-0.795074316,1.316161038,0.202618744,-1.246054153,0
31,น้ำส้ม,1 แก้ว / 200 ml,เครื่องดื่ม,111,1.7,25,8.4,0.5,2.5,สมดุล,4,0.336,0.004504505,-0.868920681,-0.871247633,-0.202809511,0.09916258,-0.810336965,-0.829800897,1.316161038,0.05799555,-1.059836911,0
36,น้ำนมถั่วเหลือง แลคตาซอย รสหวานออริจินัล,1 กล่อง / 300 ml,เครื่องดื่ม,220,8,24,22,10,150,สมดุล,4,0.916666666,0.045454545,-0.196431411,-0.363800535,-0.244612313,1.451049394,0.060189693,-0.567125477,1.316161038,1.645812378,0.633047102,0
38,"แซนวิช, ไก่",1 ชิ้น / 100 g,ฟาสต์ฟู้ด,397,18,40,38,19,372,สมดุล,2,0.95,0.047858942,0.89559245,0.441671049,0.424232523,3.041504469,0.884899159,-0.17177671,-0.20812346,1.736961451,0.732445405,0
40,ฮอทดอก,1 ชิ้น / 50 g,ฟาสต์ฟู้ด,100,3,13,1,4,400,สมดุล,2,0.076923077,0.04,-0.936786571,-0.766536327,-0.704443138,-0.636422892,-0.489616617,-0.121912902,-0.20812346,-0.650443081,0.407554951,0
41,"แฮมเบอร์เกอร์, หมู",1  ชิ้น / 108 g,ฟาสต์ฟู้ด,266,13,31,0,10,442,สมดุล,2,0,0.037593985,0.087371401,0.038935257,0.048007303,-0.735826334,0.060189693,-0.047117189,-0.20812346,-0.860787093,0.308089742,0
42,"แฮมเบอร์เกอร์, ไก่",1  ชิ้น / 90 g,ฟาสต์ฟู้ด,294,13.29,23.07,0,15.99,515,สมดุล,2,0,0.054387755,0.260120938,0.062293933,-0.283488919,-0.735826334,0.60907966,0.082884883,-0.20812346,-0.860787093,1.002348022,0
44,"ขนมปัง, หน้าเนย",100 g,ขนม,310,7,30,2,18,420,สมดุล,0,0.066666667,0.058064516,0.358834959,-0.444347693,0.006204501,-0.53701945,0.793264774,-0.086295896,-1.732407959,-0.678488949,1.15434616,0
46,ครัวซอง,100 g,ขนม,406,8,46,11,21,467,สมดุล,0,0.239130435,0.051724138,0.951119087,-0.363800535,0.675049337,0.35761153,1.068167929,-0.002595932,-1.732407959,-0.206891578,0.892233482,0
60,ข้าวเหนียวหน้าสังขยา,100 g,ขนม,199,8.4,26.2,4.7,6.3,77.2,สมดุล,0,0.179389313,0.031658291,-0.325993564,-0.331581671,-0.152646148,-0.268630156,-0.278857531,-0.696771379,-1.732407959,-0.370252012,0.062706822,0
61,"โดนัท, โรยน้ำตาล", 100 g,ขนม,443,5.95,59.48,30.42,20.17,0,สมดุล,0,0.511432414,0.045530474,1.179395262,-0.52892221,1.238551111,2.288026377,0.99211139,-0.834253022,-1.732407959,0.537710601,0.636186007,0
62,กระเพาะปลา ,1 ถ้วย / 250 g,อาหารจานหลัก,240,8,49,2,15,1230,สมดุล,3,0.040816327,0.0625,-0.073038884,-0.363800535,0.800457743,-0.53701945,0.518361619,1.356192848,0.554018789,-0.749175984,1.337710072,0
65,ก๋วยเตี๋ยวคั่วไก่,1 ชาม / 250 g,อาหารจานหลัก,429,21,5,0,33,941,สมดุล,3,0,0.076923077,1.093020493,0.683312524,-1.038865556,-0.735826334,2.167780551,0.841527111,0.554018789,-0.860787093,1.933963355,0
66,ก๋วยเตี๋ยวต้มยำหมู,1 ชาม / 250 g,อาหารจานหลัก,506,23,54,0,22,2507,สมดุล,3,0,0.043478261,1.568081721,0.844406841,1.009471755,-0.735826334,1.159802315,3.630338682,0.554018789,-0.860787093,0.551347047,0
67,ก๋วยเตี๋ยววุ้นเส้น เย็นตาโฟ,1 ชาม / 250 g,อาหารจานหลัก,210,5.6,31.7,0,6.8,1362.5,สมดุล,3,0,0.032380952,-0.258127674,-0.557113715,0.077269264,-0.735826334,-0.233040339,1.592155513,0.554018789,-0.860787093,0.092581789,0
68,ก๋วยเตี๋ยวเส้นบะหมี่หมูแดง น้ำ,1 ชาม / 250 g,อาหารจานหลัก,170,9,21.3,0,5.5,990,สมดุล,3,0,0.032352941,-0.504912727,-0.283253376,-0.357479879,-0.735826334,-0.35216504,0.928788776,0.554018789,-0.860787093,0.091423799,0
69,ก๋วยเตี๋ยวเส้นเล็ก หมู น้ำตก,1 ชาม / 250 g,อาหารจานหลัก,202,11.53,29.1,0,4.45,1157.5,สมดุล,3,0,0.022029703,-0.307484685,-0.079469066,-0.031418021,-0.735826334,-0.448381144,1.227081201,0.554018789,-0.860787093,-0.335341218,0
71,เกาเหลาหมูตุ๋น,1 ชาม / 300 g,อาหารจานหลัก,372,21,18,14,24,299,สมดุล,3,0.777777777,0.064516129,0.741351792,0.683312524,-0.495429127,0.655821856,1.343071085,-0.301778782,0.554018789,1.266024579,1.421057306,0
74,"ขนมจีน, แกงเขียวหวานไก่",1 ชาม / 300 g,อาหารจานหลัก,355,13,7,0,30,1768,สมดุล,3,0,0.084507042,0.636468144,0.038935257,-0.955259951,-0.735826334,1.892877395,2.31429031,0.554018789,-0.860787093,2.247486208,0
75,ข้าวกล้องราดแกงคั่วสับปะรด,1 ชาม / 300 g,อาหารจานหลัก,393,10,63,0,11,0,สมดุล,3,0,0.027989822,0.870913945,-0.202706218,1.385696975,-0.735826334,0.151824079,-0.834253022,0.554018789,-0.860787093,-0.088948546,0
76,ราดหน้าหมู,1 ชาม / 300 g,อาหารจานหลัก,420,13,63,15,13,1470,สมดุล,3,0.238095238,0.030952381,1.037493856,0.038935257,1.385696975,0.755225299,0.335092849,1.78359692,0.554018789,-0.209722295,0.033524321,0
77,ข้าวขาหมู,1 จาน / 300 g,อาหารจานหลัก,470,21,75,0,9,1210,สมดุล,3,0,0.019148936,1.345975173,0.683312524,1.887330602,-0.735826334,-0.031444692,1.320575842,0.554018789,-0.860787093,-0.454432773,0
78,ข้าวคลุกกะปิ,1 จาน / 300 g,อาหารจานหลัก,540,16,70,9,22,910,สมดุล,3,0.128571429,0.040740741,1.777849016,0.280576732,1.678316591,0.158804645,1.159802315,0.786320751,0.554018789,-0.509212102,0.438177342,0
79,ข้าวผัดหมู,1 จาน / 300 g,อาหารจานหลัก,410,13,59,4,14,710,สมดุล,3,0.06779661,0.034146341,0.975797593,0.038935257,1.218485766,-0.338212566,0.426727234,0.430150691,0.554018789,-0.67539915,0.165563375,0
80,ข้าวมันไก่,1 จาน / 300 g,อาหารจานหลัก,563,34,71,6,15,2066,สมดุล,3,0.084507042,0.026642984,1.919750422,1.730425584,1.720119393,-0.139405681,0.518361619,2.844983699,0.554018789,-0.629704939,-0.14462713,0
81,ข้าวราดแกงขี้เหล็ก,1 จาน / 300 g,อาหารจานหลัก,352,12,53,0,10,1547,สมดุล,3,0,0.028409091,0.617959265,-0.041611901,0.967668952,-0.735826334,0.060189693,1.920722393,0.554018789,-0.860787093,-0.071615869,0
82,ข้าวราดแกงเขียวหวานไก่,1 จาน / 300 g,อาหารจานหลัก,340,14,63,2,4,550,สมดุล,3,0.031746032,0.011764706,0.543923749,0.119482416,1.385696975,-0.53701945,-0.489616617,0.145214643,0.554018789,-0.773978453,-0.759698534,0
94,ข้าวราดผัดกระเพราไก่,1 จาน / 300 g,อาหารจานหลัก,430,17,77,8,6,620,สมดุล,3,0.103896104,0.013953488,1.099190119,0.361123891,1.970936207,0.059401203,-0.306347847,0.269874164,0.554018789,-0.57668609,-0.669213768,0
95,ข้าวราดผัดคะน้าหมูกรอบ,1 จาน / 300 g,อาหารจานหลัก,550,11,96,6,13,890,สมดุล,3,0.0625,0.023636364,1.839545279,-0.12215906,2.76518945,-0.139405681,0.335092849,0.750703745,0.554018789,-0.689882583,-0.2689215,0
96,ข้าวราดผัดคะน้าหมูชิ้น,1 จาน / 300 g,อาหารจานหลัก,501,11,60.9,6,7.5,882,สมดุล,3,0.098522167,0.01497006,1.537233589,-0.12215906,1.29791109,-0.139405681,-0.168896269,0.736456943,0.554018789,-0.591380969,-0.62718847,0
97,ข้าวราดไก่กระเทียม,1 จาน / 300 g,อาหารจานหลัก,520,60,140,2,5,760,สมดุล,3,0.014285714,0.009615385,1.654456489,3.824651702,4.604512749,-0.53701945,-0.397982232,0.519193206,0.554018789,-0.821723205,-0.848551964,0
98,ข้าวราดผัดเต้าหู้ไข่ทรงเครื่อง,1 จาน / 300 g,อาหารจานหลัก,350,25,13,0,26,1839,สมดุล,3,0,0.074285714,0.605620013,1.005501158,-0.704443138,-0.735826334,1.526339855,2.440730681,0.554018789,-0.860787093,1.824934184,0
100,ข้าวราดผัดเผ็ดหน่อไม้ไก่,1 จาน / 300 g,อาหารจานหลัก,320,10,60,3,4,690,สมดุล,3,0.05,0.0125,0.420531223,-0.202706218,1.260288568,-0.437616008,-0.489616617,0.394533685,0.554018789,-0.724063485,-0.729301308,0
101,ข้าวราดผัดเผ็ดหอยแมลงภู่,1 จาน / 300 g,อาหารจานหลัก,424,18,64,0,11,417,สมดุล,3,0,0.025943396,1.062172361,0.441671049,1.427499777,-0.735826334,0.151824079,-0.091638447,0.554018789,-0.860787093,-0.173548248,0
103,ข้าวราดผัดมะเขือยาวกับหมูสับ,1 จาน / 300 g,อาหารจานหลัก,315,12,23,9,20,900,สมดุล,3,0.391304348,0.063492063,0.389683091,-0.041611901,-0.286415115,0.158804645,0.976533544,0.768512248,0.554018789,0.209223749,1.378722203,0
104,ข้าวราดผัดมะระกับไข่,1 จาน / 300 g,อาหารจานหลัก,341,12,11,6,28,689,สมดุล,3,0.545454545,0.082111437,0.550093376,-0.041611901,-0.788048742,-0.139405681,1.709608625,0.392752835,0.554018789,0.63074317,2.14845134,0
106,ข้าวราดยำหมูยอ,1 จาน / 300 g,อาหารจานหลัก,456,14,28,0,19,503,สมดุล,3,0,0.041666667,1.259600404,0.119482416,-0.077401104,-0.735826334,0.884899159,0.061514679,0.554018789,-0.860787093,0.476455331,0
107,ข้าวราดหมูทอดกระเทียม,1 จาน / 300 g,อาหารจานหลัก,530,26,78,8,13,620,สมดุล,3,0.102564103,0.024528302,1.716152753,1.086048316,2.012739009,0.059401203,0.335092849,0.269874164,0.554018789,-0.580328411,-0.23204857,0
108,ข้าวหมกไก่,1 จาน / 300 g,อาหารจานหลัก,560,18,84,17,17,1850,สมดุล,3,0.202380952,0.030357143,1.901241543,0.441671049,2.263555822,0.954032183,0.701630389,2.460320034,0.554018789,-0.307382014,0.008917042,0
109,ข้าวหมูแดง,1 จาน / 300 g,อาหารจานหลัก,560,20,96,16,11,1200,สมดุล,3,0.166666667,0.019642857,1.901241543,0.602765366,2.76518945,0.854628741,0.151824079,1.302767339,0.554018789,-0.405041734,-0.434013968,0
110,ข้าวหมูอบ,1 จาน / 300 g,อาหารจานหลัก,443,37,48,3,11,849,สมดุล,3,0.0625,0.0248307,1.179395262,1.972067059,0.758654941,-0.437616008,0.151824079,0.677688883,0.554018789,-0.689882583,-0.219547373,0
114,หอยทอด,1 จาน / 300 g,อาหารจานหลัก,625,19,35,0,46,1190,สมดุล,3,0,0.0736,2.302267254,0.522218208,0.215218512,-0.735826334,3.359027557,1.284958836,0.554018789,-0.860787093,1.796586599,0
115,ข้าวลาบหมู,1 จาน / 300 g,อาหารจานหลัก,380,23,61,2,5,820,สมดุล,3,0.032786885,0.013157895,0.790708803,0.844406841,1.302091371,-0.53701945,-0.397982232,0.626044224,0.554018789,-0.771132268,-0.70210379,0
119,โจ๊กหมู,1 ชาม  / 300 g,อาหารจานหลัก,157,8,20,0,5,730,สมดุล,3,0,0.031847134,-0.58511787,-0.363800535,-0.411823522,-0.735826334,-0.397982232,0.465767697,0.554018789,-0.860787093,0.070513605,0
120,โจ๊กไข่,1 ชาม  / 300 g,อาหารจานหลัก,210,4,24,2,5,910,สมดุล,3,0.083333333,0.023809524,-0.258127674,-0.685989168,-0.244612313,-0.53701945,-0.397982232,0.786320751,0.554018789,-0.632914413,-0.261763019,0
151,ชาเขียวนมสด,1 แก้ว / 350 ml,เครื่องดื่ม,244,2.92,39.65,32.07,8.27,0,สมดุล,4,0.808827238,0.033893443,-0.048360379,-0.7729801,0.409601542,2.452042057,-0.098337793,-0.834253022,1.316161038,1.350928465,0.155108479,0
152,ชาเย็น,1 แก้ว / 350 ml,เครื่องดื่ม,215,2.67,34.71,26.57,7.34,0,สมดุล,4,0.765485451,0.034139535,-0.227279542,-0.793116889,0.203095699,1.905323125,-0.183557771,-0.834253022,1.316161038,1.232411554,0.16528199,0
159,โยเกิร์ตรสธรรมชาติ - ดัชชี่,1 ถ้วย / 135 g,เครื่องดื่ม,120,3.7,14.1,10.4,3.5,0.17,สมดุล,4,0.737588652,0.029166667,-0.813394044,-0.710153316,-0.658460055,0.297969464,-0.53543381,-0.833950278,1.316161038,1.156128535,-0.040297514,0
162,ข้าวเหนียวมูล ,100 g,ขนม,281,3.1,52.2,8.1,6.3,342,สมดุล,0,0.155172414,0.022419929,0.179915796,-0.758481611,0.934226711,0.069341547,-0.278857531,-0.225202219,-1.732407959,-0.436472449,-0.319209192,0
163,เอแคลร์ ครีมนมสด,90 g,ขนม,170,0,20,9,9,0.42,สมดุล,0,0.45,0.052941176,-0.504912727,-1.008177802,-0.411823522,0.158804645,-0.031444692,-0.833505065,-1.732407959,0.369725375,0.942546132,0
166,เฟรนช์ฟรายส์,100 g,ฟาสต์ฟู้ด,311,3.4,41,0.3,15,0,สมดุล,2,0.007317073,0.048231511,0.365004586,-0.734317464,0.466035325,-0.706005302,0.518361619,-0.834253022,-0.20812346,-0.84077876,0.7478475,0
168,แซนด์วิชแฮมชีส,100 g,ฟาสต์ฟู้ด,241,14.17,22.84,0,10.6,528,สมดุล,2,0,0.043983402,-0.066869258,0.133175433,-0.293103564,-0.735826334,0.115170324,0.106035937,-0.20812346,-0.860787093,0.572229717,0
170,พิซซ่า หน้าฮาวายเอี่ยน,100 g,ฟาสต์ฟู้ด,260,13,25,3,10,460,สมดุล,2,0.12,0.038461538,0.050353643,0.038935257,-0.202809511,-0.437616008,0.060189693,-0.015061884,-0.20812346,-0.532650435,0.343954601,0
124,ผัดผักรวมมิตรกับเต้าหู้,300 g,อาหารจานหลัก,328,8.2,26.3,17,21.3,758,น้ำตาลต่ำ,3,0.646387832,0.064939024,0.469888233,-0.347691103,-0.148465868,0.954032183,1.095658245,0.515631506,0.554018789,0.906742434,1.438539896,1
3,แก้วมังกร,100 g,ผลไม้,56,1.3,10.3,9.3,0.7,4,น้ำตาลต่ำ,1,0.90291262,0.0125,-1.208250129,-0.903466496,-0.817310704,0.188625678,-0.792010088,-0.827129621,-0.97026571,1.608202323,-0.729301308,1
72,เกาเหลาลูกชิ้น,1 ชาม / 300 g,อาหารจานหลัก,200,12,1,0,17,675,น้ำตาลต่ำ,3,0,0.085,-0.319823937,-0.041611901,-1.206076765,-0.735826334,0.701630389,0.367820931,0.554018789,-0.860787093,2.267865193,1
125,แกงจืดเต้าหู้หมูสับใส่ผัก,300 g,อาหารจานหลัก,209,21.4,4,0,12,576,น้ำตาลต่ำ,3,0,0.057416268,-0.2642973,0.715531388,-1.080668358,-0.735826334,0.243458464,0.191516751,0.554018789,-0.860787093,1.127547432,1
35,น้ำนมถั่วเหลือง แลคตาซอย สูตรแคลเซียมสูง ,1 กล่อง / 300 ml,เครื่องดื่ม,170,8,18,14,7,105,น้ำตาลต่ำ,4,0.777777777,0.041176471,-0.504912727,-0.363800535,-0.495429127,0.655821856,-0.214713462,-0.647263741,1.316161038,1.266024579,0.456190513,1
122,ผัดผักคะน้าใส่หมู,300 g,อาหารจานหลัก,316,21.3,12.6,0,20.26,1294,น้ำตาลต่ำ,3,0,0.064113924,0.395852717,0.707476672,-0.721164259,-0.735826334,1.000358484,1.470167267,0.554018789,-0.860787093,1.40443006,1
20,ส้มเขียวหวาน,100 g,ผลไม้,45,1,9.9,11.34,0.2,33,น้ำตาลต่ำ,1,1.145454544,0.004444444,-1.276116019,-0.927630644,-0.834031825,0.3914087,-0.837827281,-0.775484962,-0.97026571,2.271426459,-1.062319808,1
22,สับปะรด,100 g,ผลไม้,61,0.4,14.7,11.11,0.1,5,น้ำตาลต่ำ,1,0.755782312,0.001639344,-1.177401998,-0.975958939,-0.633378374,0.368545908,-0.846990719,-0.825348771,-0.97026571,1.205878593,-1.178283288,1
13,ส้ม,100 g,ผลไม้,46,0.7,9.04,10.67,0.12,3,น้ำตาลต่ำ,1,1.180309733,0.002608696,-1.269946393,-0.951794791,-0.869982235,0.324808394,-0.845158031,-0.828910471,-0.97026571,2.366737003,-1.138210081,1
22,สับปะรด,100 g,ผลไม้,61,0.4,14.7,11.11,0.1,5,น้ำตาลต่ำ,1,0.755782312,0.001639344,-1.177401998,-0.975958939,-0.633378374,0.368545908,-0.846990719,-0.825348771,-0.97026571,1.205878593,-1.178283288,1
18,เชอรี่ ,100 g,ผลไม้,31,0.4,7,7.36,0.3,7,น้ำตาลต่ำ,1,1.05142857,0.009677419,-1.362490788,-0.975958939,-0.955259951,-0.004217,-0.828663842,-0.82178707,-0.97026571,2.014315051,-0.845987434,1
127,แกงป่าไก่,300 g,อาหารจานหลัก,252,15.3,16.4,0.61,13.9,1124,น้ำตาลต่ำ,3,0.037195122,0.05515873,0.000996632,0.224193722,-0.56231361,-0.675190235,0.417563795,1.167422716,0.554018789,-0.759078068,1.034220306,1
121,แกงส้มผักรวมปลา,300 g,อาหารจานหลัก,111,11.6,13.81,8.7,1.06,1255,น้ำตาลต่ำ,3,0.629978276,0.00954955,-0.868920681,-0.073830765,-0.670582868,0.128983613,-0.759021709,1.400714105,0.554018789,0.861870959,-0.851273601,1
129,แกงคั่วหมูเทโพ,300 g,อาหารจานหลัก,462,25.7,31.7,0.8,26.8,2259,น้ำตาลต่ำ,3,0.025236593,0.058008658,1.296618162,1.061884169,0.077269264,-0.656303581,1.599647363,3.188687807,0.554018789,-0.791778332,1.152036972,1
122,ผัดผักคะน้าใส่หมู,300 g,อาหารจานหลัก,316,21.3,12.6,0,20.26,1294,น้ำตาลต่ำ,3,0,0.064113924,0.395852717,0.707476672,-0.721164259,-0.735826334,1.000358484,1.470167267,0.554018789,-0.860787093,1.40443006,1
13,ส้ม,100 g,ผลไม้,46,0.7,9.04,10.67,0.12,3,น้ำตาลต่ำ,1,1.180309733,0.002608696,-1.269946393,-0.951794791,-0.869982235,0.324808394,-0.845158031,-0.828910471,-0.97026571,2.366737003,-1.138210081,1
128,แกงเลียงผักรวม,300 g,อาหารจานหลัก,135,14.3,16,2,1.1,1175,น้ำตาลต่ำ,3,0.125,0.008148148,-0.720849649,0.143646563,-0.579034731,-0.53701945,-0.755356334,1.258246081,0.554018789,-0.518978074,-0.909207854,1
70,ก๋วยเตี๋ยวหลอด,1 จาน / 300 g,อาหารจานหลัก,225,8,30,0,10,500,น้ำตาลต่ำ,3,0,0.044444444,-0.165583279,-0.363800535,0.006204501,-0.735826334,0.060189693,0.056172128,0.554018789,-0.860787093,0.591289296,1
26,กาแฟดำ,1 ถ้วย / 180 ml,เครื่องดื่ม,10,0.43,1.66,0,0.19,0,น้ำตาลต่ำ,4,0,0.019,-1.492052941,-0.973542524,-1.178486915,-0.735826334,-0.838743624,-0.834253022,1.316161038,-0.860787093,-0.460589829,1
167,นักเก็ตไก่,100 g,ฟาสต์ฟู้ด,295,15,14,0,20,557,น้ำตาลต่ำ,2,0,0.06779661,0.266290564,0.200029574,-0.662640336,-0.735826334,0.976533544,0.157680595,-0.20812346,-0.860787093,1.556673142,1
19,ส้มโอ,100 g,ผลไม้,45,1,9.9,11.34,0.2,33,น้ำตาลต่ำ,1,1.145454544,0.004444444,-1.276116019,-0.927630644,-0.834031825,0.3914087,-0.837827281,-0.775484962,-0.97026571,2.271426459,-1.062319808,1
153,ชามะนาว,1 แก้ว / 350 ml,เครื่องดื่ม,180,0,45,22,0,0.4,น้ำตาลต่ำ,4,0.488888889,0,-0.443216464,-1.008177802,0.633246534,1.451049394,-0.856154158,-0.833540682,1.316161038,0.476065959,-1.246054153,1
14,แอปเปิ้ล,100 g,ผลไม้,55,0.2,12,10.09,0.14,58,น้ำตาลต่ำ,1,0.840833333,0.002545455,-1.214419756,-0.99206837,-0.74624594,0.267154397,-0.843325344,-0.730963705,-0.97026571,1.438448239,-1.140824483,1
16,สตรอเบอรี่,100 g,ผลไม้,34,0.8,7.6,3.82,0.5,1,น้ำตาลต่ำ,1,0.502631578,0.014705882,-1.343981909,-0.943740075,-0.93017827,-0.356105185,-0.810336965,-0.832472172,-0.97026571,0.513644961,-0.638109629,1
128,แกงเลียงผักรวม,300 g,อาหารจานหลัก,135,14.3,16,2,1.1,1175,น้ำตาลต่ำ,3,0.125,0.008148148,-0.720849649,0.143646563,-0.579034731,-0.53701945,-0.755356334,1.258246081,0.554018789,-0.518978074,-0.909207854,1
87,ข้าวราดแกงมัสมั่นไก่,1 จาน / 300 g,อาหารจานหลัก,637,24,5,0,59,481,น้ำตาลต่ำ,3,0,0.092621664,2.37630277,0.924954,-1.038865556,-0.735826334,4.550274563,0.022335972,0.554018789,-0.860787093,2.58294652,1
5,แคนตาลูป,100 g,ผลไม้,28,0.5,5.7,10,0.1,6,น้ำตาลต่ำ,1,1.754385962,0.003571429,-1.380999667,-0.967904223,-1.009603594,0.258208088,-0.846990719,-0.82356792,-0.97026571,3.936532463,-1.098410483,1
24,พุทราไทย,100 g,ผลไม้,89,1.7,18.7,0,0.8,3,น้ำตาลต่ำ,1,0,0.008988764,-1.00465246,-0.871247633,-0.466167165,-0.735826334,-0.782846649,-0.828910471,-0.97026571,-0.860787093,-0.874456601,1
32,น้ำมะพร้าว,1 แก้ว / 200 ml,เครื่องดื่ม,45,1.7,9,2.6,0.5,252,น้ำตาลต่ำ,4,0.288888889,0.011111111,-1.276116019,-0.871247633,-0.871654347,-0.477377385,-0.810336965,-0.385478746,1.316161038,-0.070828472,-0.786718291,1
158,ดัชมิลล์นมเปรี้ยวรสธรรมชาติ,1 กล่อง / 200 ml,เครื่องดื่ม,120,4,26,24,0,0.15,น้ำตาลต่ำ,4,0.923076923,0,-0.813394044,-0.685989168,-0.161006708,1.649856278,-0.856154158,-0.833985895,1.316161038,1.663341046,-1.246054153,1
39,"แซนวิช, ปลา",1 ชิ้น / 100 g,ฟาสต์ฟู้ด,294,10.46,27.47,0,15.84,0,น้ำตาลต่ำ,2,0,0.053877551,0.260120938,-0.165654525,-0.099556589,-0.735826334,0.595334502,-0.834253022,-0.20812346,-0.860787093,0.981256069,1
154,นมเปรี้ยว บีทาเก้นไลท์,300 ml,เครื่องดื่ม,180,6,39,21,0,0,น้ำตาลต่ำ,4,0.538461538,0,-0.443216464,-0.524894852,0.382429721,1.351645952,-0.856154158,-0.834253022,1.316161038,0.611620988,-1.246054153,1
17,กีวี,100 g,ผลไม้,47,0.9,9.5,0,0.6,4,น้ำตาลต่ำ,1,0,0.012765957,-1.263776766,-0.93568536,-0.850752946,-0.735826334,-0.801173526,-0.827129621,-0.97026571,-0.860787093,-0.718306566,1
167,นักเก็ตไก่,100 g,ฟาสต์ฟู้ด,295,15,14,0,20,557,น้ำตาลต่ำ,2,0,0.06779661,0.266290564,0.200029574,-0.662640336,-0.735826334,0.976533544,0.157680595,-0.20812346,-0.860787093,1.556673142,1
23,แตงไทย,100 g,ผลไม้,13,0.2,3.2,2.48,0,0,น้ำตาลต่ำ,1,0.774999998,0,-1.473544062,-0.99206837,-1.1141106,-0.489305798,-0.856154158,-0.834253022,-0.97026571,1.258428818,-1.246054153,1
37,นมถั่วเหลืองผสมงาดำ ดีน่า,1 กล่อง / 180 ml,เครื่องดื่ม,100,6,14,4,2.5,80,น้ำตาลต่ำ,4,0.285714286,0.025,-0.936786571,-0.524894852,-0.662640336,-0.338212566,-0.627068195,-0.691784998,1.316161038,-0.079509336,-0.212548463,1
89,ข้าวราดแกงส้มผักรวม,1 จาน / 300 g,อาหารจานหลัก,336,58,12,4,4,410,น้ำตาลต่ำ,3,0.333333333,0.011904762,0.519245244,3.663557386,-0.74624594,-0.338212566,-0.489616617,-0.104104399,0.554018789,0.050703624,-0.753908586,1
87,ข้าวราดแกงมัสมั่นไก่,1 จาน / 300 g,อาหารจานหลัก,637,24,5,0,59,481,น้ำตาลต่ำ,3,0,0.092621664,2.37630277,0.924954,-1.038865556,-0.735826334,4.550274563,0.022335972,0.554018789,-0.860787093,2.58294652,1
8,ชมพู่,100 g,ผลไม้,31,0.46,6.74,0,0.04,66,น้ำตาลต่ำ,1,0,0.001290323,-1.362490788,-0.971126109,-0.96612868,-0.735826334,-0.852488782,-0.716716902,-0.97026571,-0.860787093,-1.192711924,1
23,แตงไทย,100 g,ผลไม้,13,0.2,3.2,2.48,0,0,น้ำตาลต่ำ,1,0.774999998,0,-1.473544062,-0.99206837,-1.1141106,-0.489305798,-0.856154158,-0.834253022,-0.97026571,1.258428818,-1.246054153,1
34,น้ำนมถั่วเหลือง แลคตาซอย สูตรไม่เติมน้ำตาลทราย ,1 กล่อง / 300 ml,เครื่องดื่ม,140,9,6,2,9,120,น้ำตาลต่ำ,4,0.333333333,0.064285714,-0.690001517,-0.283253376,-0.997062754,-0.53701945,-0.031444692,-0.620550986,1.316161038,0.050703623,1.411531907,1
8,ชมพู่,100 g,ผลไม้,31,0.46,6.74,0,0.04,66,น้ำตาลต่ำ,1,0,0.001290323,-1.362490788,-0.971126109,-0.96612868,-0.735826334,-0.852488782,-0.716716902,-0.97026571,-0.860787093,-1.192711924,1
34,น้ำนมถั่วเหลือง แลคตาซอย สูตรไม่เติมน้ำตาลทราย ,1 กล่อง / 300 ml,เครื่องดื่ม,140,9,6,2,9,120,น้ำตาลต่ำ,4,0.333333333,0.064285714,-0.690001517,-0.283253376,-0.997062754,-0.53701945,-0.031444692,-0.620550986,1.316161038,0.050703623,1.411531907,1
154,นมเปรี้ยว บีทาเก้นไลท์,300 ml,เครื่องดื่ม,180,6,39,21,0,0,น้ำตาลต่ำ,4,0.538461538,0,-0.443216464,-0.524894852,0.382429721,1.351645952,-0.856154158,-0.834253022,1.316161038,0.611620988,-1.246054153,1
18,เชอรี่ ,100 g,ผลไม้,31,0.4,7,7.36,0.3,7,น้ำตาลต่ำ,1,1.05142857,0.009677419,-1.362490788,-0.975958939,-0.955259951,-0.004217,-0.828663842,-0.82178707,-0.97026571,2.014315051,-0.845987434,1
84,ข้าวราดแกงไตปลา,1 จาน / 300 g,อาหารจานหลัก,428,38,8,0,3,576,น้ำตาลต่ำ,3,0,0.007009346,1.086850867,2.052614217,-0.913457149,-0.735826334,-0.581251002,0.191516751,0.554018789,-0.860787093,-0.956286202,1
16,สตรอเบอรี่,100 g,ผลไม้,34,0.8,7.6,3.82,0.5,1,น้ำตาลต่ำ,1,0.502631578,0.014705882,-1.343981909,-0.943740075,-0.93017827,-0.356105185,-0.810336965,-0.832472172,-0.97026571,0.513644961,-0.638109629,1
130,ต้มจับฉ่าย,300 g,อาหารจานหลัก,231,12,15,0.01,13.5,914,น้ำตาลต่ำ,3,0.000666667,0.058441558,-0.128565521,-0.041611901,-0.620837533,-0.7348323,0.380910041,0.793444153,0.554018789,-0.858964111,1.169933175,1
126,ปลานึ่งมะนาว,300 g,อาหารจานหลัก,249,23.7,28.1,14.7,5,1486,น้ำตาลต่ำ,3,0.523131672,0.020080321,-0.017512247,0.900789852,-0.073220824,0.725404266,-0.397982232,1.812090525,0.554018789,0.569701897,-0.415929101,1
86,ข้าวราดแกงพะแนงหมู,1 จาน / 300 g,อาหารจานหลัก,520,17,2,0,49,418,น้ำตาลต่ำ,3,0,0.094230769,1.654456489,0.361123891,-1.164273963,-0.735826334,3.633930712,-0.089857597,0.554018789,-0.860787093,2.649467295,1
19,ส้มโอ,100 g,ผลไม้,45,1,9.9,11.34,0.2,33,น้ำตาลต่ำ,1,1.145454544,0.004444444,-1.276116019,-0.927630644,-0.834031825,0.3914087,-0.837827281,-0.775484962,-0.97026571,2.271426459,-1.062319808,1
14,แอปเปิ้ล,100 g,ผลไม้,55,0.2,12,10.09,0.14,58,น้ำตาลต่ำ,1,0.840833333,0.002545455,-1.214419756,-0.99206837,-0.74624594,0.267154397,-0.843325344,-0.730963705,-0.97026571,1.438448239,-1.140824483,1
158,ดัชมิลล์นมเปรี้ยวรสธรรมชาติ,1 กล่อง / 200 ml,เครื่องดื่ม,120,4,26,24,0,0.15,น้ำตาลต่ำ,4,0.923076923,0,-0.813394044,-0.685989168,-0.161006708,1.649856278,-0.856154158,-0.833985895,1.316161038,1.663341046,-1.246054153,1
26,กาแฟดำ,1 ถ้วย / 180 ml,เครื่องดื่ม,10,0.43,1.66,0,0.19,0,น้ำตาลต่ำ,4,0,0.019,-1.492052941,-0.973542524,-1.178486915,-0.735826334,-0.838743624,-0.834253022,1.316161038,-0.860787093,-0.460589829,1
121,แกงส้มผักรวมปลา,300 g,อาหารจานหลัก,111,11.6,13.81,8.7,1.06,1255,น้ำตาลต่ำ,3,0.629978276,0.00954955,-0.868920681,-0.073830765,-0.670582868,0.128983613,-0.759021709,1.400714105,0.554018789,0.861870959,-0.851273601,1
3,แก้วมังกร,100 g,ผลไม้,56,1.3,10.3,9.3,0.7,4,น้ำตาลต่ำ,1,0.90291262,0.0125,-1.208250129,-0.903466496,-0.817310704,0.188625678,-0.792010088,-0.827129621,-0.97026571,1.608202323,-0.729301308,1
89,ข้าวราดแกงส้มผักรวม,1 จาน / 300 g,อาหารจานหลัก,336,58,12,4,4,410,น้ำตาลต่ำ,3,0.333333333,0.011904762,0.519245244,3.663557386,-0.74624594,-0.338212566,-0.489616617,-0.104104399,0.554018789,0.050703624,-0.753908586,1
17,กีวี,100 g,ผลไม้,47,0.9,9.5,0,0.6,4,น้ำตาลต่ำ,1,0,0.012765957,-1.263776766,-0.93568536,-0.850752946,-0.735826334,-0.801173526,-0.827129621,-0.97026571,-0.860787093,-0.718306566,1
86,ข้าวราดแกงพะแนงหมู,1 จาน / 300 g,อาหารจานหลัก,520,17,2,0,49,418,น้ำตาลต่ำ,3,0,0.094230769,1.654456489,0.361123891,-1.164273963,-0.735826334,3.633930712,-0.089857597,0.554018789,-0.860787093,2.649467295,1
6,ฝรั่ง,100 g,ผลไม้,68,2.6,14,9,1,2,น้ำตาลต่ำ,1,0.642857142,0.014705882,-1.134214613,-0.79875519,-0.662640336,0.158804645,-0.764519772,-0.830691322,-0.97026571,0.897087861,-0.638109629,1
125,แกงจืดเต้าหู้หมูสับใส่ผัก,300 g,อาหารจานหลัก,209,21.4,4,0,12,576,น้ำตาลต่ำ,3,0,0.057416268,-0.2642973,0.715531388,-1.080668358,-0.735826334,0.243458464,0.191516751,0.554018789,-0.860787093,1.127547432,1
32,น้ำมะพร้าว,1 แก้ว / 200 ml,เครื่องดื่ม,45,1.7,9,2.6,0.5,252,น้ำตาลต่ำ,4,0.288888889,0.011111111,-1.276116019,-0.871247633,-0.871654347,-0.477377385,-0.810336965,-0.385478746,1.316161038,-0.070828472,-0.786718291,1
21,สาลี่,100 g,ผลไม้,44,0.4,11.4,9.64,0.2,15,น้ำตาลต่ำ,1,0.845614034,0.004545455,-1.282285645,-0.975958939,-0.771327621,0.222422848,-0.837827281,-0.807540268,-0.97026571,1.451520935,-1.058144027,1
126,ปลานึ่งมะนาว,300 g,อาหารจานหลัก,249,23.7,28.1,14.7,5,1486,น้ำตาลต่ำ,3,0.523131672,0.020080321,-0.017512247,0.900789852,-0.073220824,0.725404266,-0.397982232,1.812090525,0.554018789,0.569701897,-0.415929101,1
130,ต้มจับฉ่าย,300 g,อาหารจานหลัก,231,12,15,0.01,13.5,914,น้ำตาลต่ำ,3,0.000666667,0.058441558,-0.128565521,-0.041611901,-0.620837533,-0.7348323,0.380910041,0.793444153,0.554018789,-0.858964111,1.169933175,1
111,"สุกี้, ไก่, น้ำ",1 ชาม  / 300 g,อาหารจานหลัก,253,20,30,0,6,536,โซเดียมต่ำ,3,0,0.023715415,0.007166258,0.602765366,0.006204501,-0.735826334,-0.306347847,0.120282739,0.554018789,-0.860787093,-0.265653498,2
150,แกงเหลืองปลา,300 g,อาหารจานหลัก,41,7.9,1.3,0,0.1,674,โซเดียมต่ำ,3,0,0.002439024,-1.300794524,-0.371855251,-1.193535924,-0.735826334,-0.846990719,0.36604008,0.554018789,-0.860787093,-1.145224329,2
43,ขนมชั้น,100 g,ขนม,99,0,19,12,2.1,29,โซเดียมต่ำ,0,0.631578947,0.021212121,-0.942956197,-1.008177802,-0.453626324,0.457014972,-0.663721949,-0.782608364,-1.732407959,0.866247949,-0.369140234,2
85,ข้าวราดแกงเทโพหมูสามชั้น,1 จาน / 300 g,อาหารจานหลัก,298,7,50,0,8,347,โซเดียมต่ำ,3,0,0.026845638,0.284799443,-0.444347693,0.842260546,-0.735826334,-0.123079077,-0.216297968,0.554018789,-0.860787093,-0.136249385,2
51,ขนมเปียกปูน,100 g,ขนม,160,1.1,35.46,19.78,1.62,92,โซเดียมต่ำ,0,0.557811619,0.010125,-0.566608991,-0.919575928,0.234447801,1.230373752,-0.707706454,-0.670414795,-1.732407959,0.664533244,-0.827484348,2
155,นม ยูเอชที รสจืด,1 กล่อง / 180 ml,เครื่องดื่ม,110,4,12,11,6,0.25,โซเดียมต่ำ,4,0.916666666,0.054545455,-0.875090307,-0.685989168,-0.74624594,0.35761153,-0.306347847,-0.83380781,1.316161038,1.645812377,1.008867353,2
92,ข้าวราดต้มพะโล้,1 จาน / 300 g,อาหารจานหลัก,535,25,66,0,19,376,โซเดียมต่ำ,3,0,0.035514019,1.747000884,1.005501158,1.511105382,-0.735826334,0.884899159,-0.164653309,0.554018789,-0.860787093,0.222103463,2
85,ข้าวราดแกงเทโพหมูสามชั้น,1 จาน / 300 g,อาหารจานหลัก,298,7,50,0,8,347,โซเดียมต่ำ,3,0,0.026845638,0.284799443,-0.444347693,0.842260546,-0.735826334,-0.123079077,-0.216297968,0.554018789,-0.860787093,-0.136249385,2
169,ขนมปังกระเทียม,100 g,ฟาสต์ฟู้ด,380,8,45,2,20,630,โซเดียมต่ำ,2,0.044444444,0.052631579,0.790708803,-0.363800535,0.633246534,-0.53701945,0.976533544,0.287682667,-0.20812346,-0.739254997,0.9297473,2
155,นม ยูเอชที รสจืด,1 กล่อง / 180 ml,เครื่องดื่ม,110,4,12,11,6,0.25,โซเดียมต่ำ,4,0.916666666,0.054545455,-0.875090307,-0.685989168,-0.74624594,0.35761153,-0.306347847,-0.83380781,1.316161038,1.645812377,1.008867353,2
43,ขนมชั้น,100 g,ขนม,99,0,19,12,2.1,29,โซเดียมต่ำ,0,0.631578947,0.021212121,-0.942956197,-1.008177802,-0.453626324,0.457014972,-0.663721949,-0.782608364,-1.732407959,0.866247949,-0.369140234,2
58,ขนมปังไส้สับปะรด,100 g,ขนม,131,2,24,15,3,80,โซเดียมต่ำ,0,0.625,0.022900763,-0.745528154,-0.847083485,-0.244612313,0.755225299,-0.581251002,-0.691784998,-1.732407959,0.848258001,-0.299331383,2
54,ธัญพืชอบกรอบ,100 g,ขนม,136,5,20,5,4,120,โซเดียมต่ำ,0,0.25,0.029411765,-0.714680023,-0.60544201,-0.411823522,-0.238809123,-0.489616617,-0.620550986,-1.732407959,-0.177169055,-0.030165106,2
88,ข้าวราดแกงส้มชะอมทอด,1 จาน / 300 g,อาหารจานหลัก,397,14,57,0,13,386,โซเดียมต่ำ,3,0,0.032745592,0.89559245,0.119482416,1.134880162,-0.735826334,0.335092849,-0.146844806,0.554018789,-0.860787093,0.107656071,2
47,ทองหยอด ,100 g,ขนม,305,3.53,56.9,56.58,6.92,39,โซเดียมต่ำ,0,0.994376098,0.022688525,0.327986828,-0.723846333,1.130699881,4.888420425,-0.222044213,-0.764799861,-1.732407959,1.858306656,-0.308105382,2
146,ไก่อบสมุนไพร,300 g,อาหารจานหลัก,178,23.3,0,0,8.8,95,โซเดียมต่ำ,3,0,0.049438202,-0.455555717,0.868570989,-1.247879567,-0.735826334,-0.049771569,-0.665072244,0.554018789,-0.860787093,0.79773238,2
49,ฝอยทอง, 100 g,ขนม,419,12.71,40.67,41.94,22.51,64,โซเดียมต่ำ,0,1.031226948,0.05372315,1.03132423,0.015576581,0.452240401,3.433154031,1.206535851,-0.720278603,-1.732407959,1.959074279,0.974873111,2
93,ข้าวราดทอดมันปลากราย,1 จาน / 300 g,อาหารจานหลัก,618,23,69,0,28,392,โซเดียมต่ำ,3,0,0.045307443,2.25907987,0.844406841,1.636513789,-0.735826334,1.709608625,-0.136159704,0.554018789,-0.860787093,0.626965868,2
53,เต้าทึงน้ำลำใย,100 g,ขนม,130,4.5,31.5,21,0.5,14,โซเดียมต่ำ,0,0.666666666,0.003846154,-0.751697781,-0.645715589,0.068908704,1.351645952,-0.810336965,-0.809321118,-1.732407959,0.962194341,-1.087053277,2
54,ธัญพืชอบกรอบ,100 g,ขนม,136,5,20,5,4,120,โซเดียมต่ำ,0,0.25,0.029411765,-0.714680023,-0.60544201,-0.411823522,-0.238809123,-0.489616617,-0.620550986,-1.732407959,-0.177169055,-0.030165106,2
52,ถั่วเขียวต้มน้ำตาล,100 g,ขนม,213,7,46.2,29,0.4,8,โซเดียมต่ำ,0,0.627705628,0.001877934,-0.239618795,-0.444347693,0.683409897,2.146873489,-0.819500403,-0.82000622,-1.732407959,0.855656465,-1.168419923,2
149,ต้มยำเห็ดรวมน้ำใส,300 g,อาหารจานหลัก,48,3.3,7.4,2,0.6,339,โซเดียมต่ำ,3,0.27027027,0.0125,-1.25760714,-0.742372179,-0.938538831,-0.53701945,-0.801173526,-0.23054477,0.554018789,-0.121740566,-0.729301308,2
50,ลอดช่องไทย น้ำกะทิ,100 g,ขนม,108,0.72,18.7,12.3,3.04,62,โซเดียมต่ำ,0,0.65775401,0.028148148,-0.88742956,-0.950183848,-0.466167165,0.486836005,-0.577585627,-0.723840304,-1.732407959,0.937822931,-0.082403302,2
91,ข้าวราดต้มจืดเต้าหู้ หมูสับราดข้าว,1 จาน / 300 g,อาหารจานหลัก,263,21,25,0,9,271,โซเดียมต่ำ,3,0,0.034220532,0.068862522,0.683312524,-0.202809511,-0.735826334,-0.031444692,-0.351642591,0.554018789,-0.860787093,0.168630442,2
49,ฝอยทอง, 100 g,ขนม,419,12.71,40.67,41.94,22.51,64,โซเดียมต่ำ,0,1.031226948,0.05372315,1.03132423,0.015576581,0.452240401,3.433154031,1.206535851,-0.720278603,-1.732407959,1.959074279,0.974873111,2
102,ข้าวราดผัดเผ็ดหอยลาย,1 จาน / 300 g,อาหารจานหลัก,307,6,48,0,10,392,โซเดียมต่ำ,3,0,0.03257329,0.34032608,-0.524894852,0.758654941,-0.735826334,0.060189693,-0.136159704,0.554018789,-0.860787093,0.100533066,2
113,"สุกี้, ทะเล, น้ำ",1 ชาม  / 300 g,อาหารจานหลัก,216,25,4,0,9,424,โซเดียมต่ำ,3,0,0.041666667,-0.221109916,1.005501158,-1.080668358,-0.735826334,-0.031444692,-0.079172495,0.554018789,-0.860787093,0.476455331,2
147,ข้าวอบธัญพืช,300 g,อาหารจานหลัก,240,12,42,1,3,450,โซเดียมต่ำ,3,0.023809524,0.0125,-0.073038884,-0.041611901,0.507838128,-0.636422892,-0.581251002,-0.032870387,0.554018789,-0.795680613,-0.729301308,2
146,ไก่อบสมุนไพร,300 g,อาหารจานหลัก,178,23.3,0,0,8.8,95,โซเดียมต่ำ,3,0,0.049438202,-0.455555717,0.868570989,-1.247879567,-0.735826334,-0.049771569,-0.665072244,0.554018789,-0.860787093,0.79773238,2
93,ข้าวราดทอดมันปลากราย,1 จาน / 300 g,อาหารจานหลัก,618,23,69,0,28,392,โซเดียมต่ำ,3,0,0.045307443,2.25907987,0.844406841,1.636513789,-0.735826334,1.709608625,-0.136159704,0.554018789,-0.860787093,0.626965868,2
156,นมสดหนองโพ รสหวาน,1 กล่อง / 225 ml,เครื่องดื่ม,180,7,20,20,8,0.22,โซเดียมต่ำ,4,1,0.044444444,-0.443216464,-0.444347693,-0.411823522,1.25224251,-0.123079077,-0.833861235,1.316161038,1.873685057,0.591289296,2
83,ข้าวราดแกงคั่วกลิ้งหมู,1 จาน / 300 g,อาหารจานหลัก,345,50,5,0,13,335,โซเดียมต่ำ,3,0,0.037681159,0.574771881,3.019180118,-1.038865556,-0.735826334,0.335092849,-0.237668171,0.554018789,-0.860787093,0.311693554,2
156,นมสดหนองโพ รสหวาน,1 กล่อง / 225 ml,เครื่องดื่ม,180,7,20,20,8,0.22,โซเดียมต่ำ,4,1,0.044444444,-0.443216464,-0.444347693,-0.411823522,1.25224251,-0.123079077,-0.833861235,1.316161038,1.873685057,0.591289296,2
91,ข้าวราดต้มจืดเต้าหู้ หมูสับราดข้าว,1 จาน / 300 g,อาหารจานหลัก,263,21,25,0,9,271,โซเดียมต่ำ,3,0,0.034220532,0.068862522,0.683312524,-0.202809511,-0.735826334,-0.031444692,-0.351642591,0.554018789,-0.860787093,0.168630442,2
148,ปลานึ่งขิง,300 g,อาหารจานหลัก,201,48,0,0,1,350,โซเดียมต่ำ,3,0,0.004975124,-0.313654311,2.858085801,-1.247879567,-0.735826334,-0.764519772,-0.210955417,0.554018789,-0.860787093,-1.040381379,2
147,ข้าวอบธัญพืช,300 g,อาหารจานหลัก,240,12,42,1,3,450,โซเดียมต่ำ,3,0.023809524,0.0125,-0.073038884,-0.041611901,0.507838128,-0.636422892,-0.581251002,-0.032870387,0.554018789,-0.795680613,-0.729301308,2
145,กุ้งอบวุ้นเส้น,300 g,อาหารจานหลัก,591,33.1,113,9.5,0.4,385,โซเดียมต่ำ,3,0.084070796,0.000676819,2.092499959,1.657933141,3.475837088,0.208506366,-0.819500403,-0.148625656,0.554018789,-0.630897841,-1.218074303,2
90,ข้าวราดไข่เจียวหมูสับ,1 จาน / 300 g,อาหารจานหลัก,518,14,67,0,21,364,โซเดียมต่ำ,3,0,0.040540541,1.642117237,0.119482416,1.552908184,-0.735826334,1.068167929,-0.186023513,0.554018789,-0.860787093,0.42990102,2
83,ข้าวราดแกงคั่วกลิ้งหมู,1 จาน / 300 g,อาหารจานหลัก,345,50,5,0,13,335,โซเดียมต่ำ,3,0,0.037681159,0.574771881,3.019180118,-1.038865556,-0.735826334,0.335092849,-0.237668171,0.554018789,-0.860787093,0.311693554,2
169,ขนมปังกระเทียม,100 g,ฟาสต์ฟู้ด,380,8,45,2,20,630,โซเดียมต่ำ,2,0.044444444,0.052631579,0.790708803,-0.363800535,0.633246534,-0.53701945,0.976533544,0.287682667,-0.20812346,-0.739254997,0.9297473,2
149,ต้มยำเห็ดรวมน้ำใส,300 g,อาหารจานหลัก,48,3.3,7.4,2,0.6,339,โซเดียมต่ำ,3,0.27027027,0.0125,-1.25760714,-0.742372179,-0.938538831,-0.53701945,-0.801173526,-0.23054477,0.554018789,-0.121740566,-0.729301308,2
88,ข้าวราดแกงส้มชะอมทอด,1 จาน / 300 g,อาหารจานหลัก,397,14,57,0,13,386,โซเดียมต่ำ,3,0,0.032745592,0.89559245,0.119482416,1.134880162,-0.735826334,0.335092849,-0.146844806,0.554018789,-0.860787093,0.107656071,2
50,ลอดช่องไทย น้ำกะทิ,100 g,ขนม,108,0.72,18.7,12.3,3.04,62,โซเดียมต่ำ,0,0.65775401,0.028148148,-0.88742956,-0.950183848,-0.466167165,0.486836005,-0.577585627,-0.723840304,-1.732407959,0.937822931,-0.082403302,2
150,แกงเหลืองปลา,300 g,อาหารจานหลัก,41,7.9,1.3,0,0.1,674,โซเดียมต่ำ,3,0,0.002439024,-1.300794524,-0.371855251,-1.193535924,-0.735826334,-0.846990719,0.36604008,0.554018789,-0.860787093,-1.145224329,2
59,"วุ้นกะทิ, ใบเตย",100 g,ขนม,133,0.6,20.5,9.3,7.8,0,โซเดียมต่ำ,0,0.453658536,0.058646617,-0.733188902,-0.959849507,-0.390922121,0.188625678,-0.141405954,-0.834253022,-1.732407959,0.379729541,1.178410323,2
92,ข้าวราดต้มพะโล้,1 จาน / 300 g,อาหารจานหลัก,535,25,66,0,19,376,โซเดียมต่ำ,3,0,0.035514019,1.747000884,1.005501158,1.511105382,-0.735826334,0.884899159,-0.164653309,0.554018789,-0.860787093,0.222103463,2
47,ทองหยอด ,100 g,ขนม,305,3.53,56.9,56.58,6.92,39,โซเดียมต่ำ,0,0.994376098,0.022688525,0.327986828,-0.723846333,1.130699881,4.888420425,-0.222044213,-0.764799861,-1.732407959,1.858306656,-0.308105382,2
111,"สุกี้, ไก่, น้ำ",1 ชาม  / 300 g,อาหารจานหลัก,253,20,30,0,6,536,โซเดียมต่ำ,3,0,0.023715415,0.007166258,0.602765366,0.006204501,-0.735826334,-0.306347847,0.120282739,0.554018789,-0.860787093,-0.265653498,2
48,ทองหยิบ, 100 g,ขนม,395,7.9,45.9,54.22,19.7,0,โซเดียมต่ำ,0,1.181263616,0.049873418,0.883253198,-0.371855251,0.670869056,4.653828302,0.949043229,-0.834253022,-1.732407959,2.36934537,0.815724287,2
105,ข้าวราดยำไข่ดาว,1 จาน / 300 g,อาหารจานหลัก,336,20,75,0,29,468,โซเดียมต่ำ,3,0,0.086309524,0.519245244,0.602765366,1.887330602,-0.735826334,1.80124301,-0.000815081,0.554018789,-0.860787093,2.322001206,2
52,ถั่วเขียวต้มน้ำตาล,100 g,ขนม,213,7,46.2,29,0.4,8,โซเดียมต่ำ,0,0.627705628,0.001877934,-0.239618795,-0.444347693,0.683409897,2.146873489,-0.819500403,-0.82000622,-1.732407959,0.855656465,-1.168419923,2
48,ทองหยิบ, 100 g,ขนม,395,7.9,45.9,54.22,19.7,0,โซเดียมต่ำ,0,1.181263616,0.049873418,0.883253198,-0.371855251,0.670869056,4.653828302,0.949043229,-0.834253022,-1.732407959,2.36934537,0.815724287,2
102,ข้าวราดผัดเผ็ดหอยลาย,1 จาน / 300 g,อาหารจานหลัก,307,6,48,0,10,392,โซเดียมต่ำ,3,0,0.03257329,0.34032608,-0.524894852,0.758654941,-0.735826334,0.060189693,-0.136159704,0.554018789,-0.860787093,0.100533066,2
113,"สุกี้, ทะเล, น้ำ",1 ชาม  / 300 g,อาหารจานหลัก,216,25,4,0,9,424,โซเดียมต่ำ,3,0,0.041666667,-0.221109916,1.005501158,-1.080668358,-0.735826334,-0.031444692,-0.079172495,0.554018789,-0.860787093,0.476455331,2
112,"สุกี้, รวมมิตร, น้ำ",1 ชาม  / 300 g,อาหารจานหลัก,207,21,18,0,6,471,โซเดียมต่ำ,3,0,0.028985507,-0.276636553,0.683312524,-0.495429127,-0.735826334,-0.306347847,0.004527469,0.554018789,-0.860787093,-0.047786686,2
59,"วุ้นกะทิ, ใบเตย",100 g,ขนม,133,0.6,20.5,9.3,7.8,0,โซเดียมต่ำ,0,0.453658536,0.058646617,-0.733188902,-0.959849507,-0.390922121,0.188625678,-0.141405954,-0.834253022,-1.732407959,0.379729541,1.178410323,2
112,"สุกี้, รวมมิตร, น้ำ",1 ชาม  / 300 g,อาหารจานหลัก,207,21,18,0,6,471,โซเดียมต่ำ,3,0,0.028985507,-0.276636553,0.683312524,-0.495429127,-0.735826334,-0.306347847,0.004527469,0.554018789,-0.860787093,-0.047786686,2
99,ข้าวราดผัดผักรวม,1 จาน / 300 g,อาหารจานหลัก,332,9,61,0,6,446,โซเดียมต่ำ,3,0,0.018072289,0.494566739,-0.283253376,1.302091371,-0.735826334,-0.306347847,-0.039993788,0.554018789,-0.860787093,-0.498941606,2
145,กุ้งอบวุ้นเส้น,300 g,อาหารจานหลัก,591,33.1,113,9.5,0.4,385,โซเดียมต่ำ,3,0.084070796,0.000676819,2.092499959,1.657933141,3.475837088,0.208506366,-0.819500403,-0.148625656,0.554018789,-0.630897841,-1.218074303,2
51,ขนมเปียกปูน,100 g,ขนม,160,1.1,35.46,19.78,1.62,92,โซเดียมต่ำ,0,0.557811619,0.010125,-0.566608991,-0.919575928,0.234447801,1.230373752,-0.707706454,-0.670414795,-1.732407959,0.664533244,-0.827484348,2
105,ข้าวราดยำไข่ดาว,1 จาน / 300 g,อาหารจานหลัก,336,20,75,0,29,468,โซเดียมต่ำ,3,0,0.086309524,0.519245244,0.602765366,1.887330602,-0.735826334,1.80124301,-0.000815081,0.554018789,-0.860787093,2.322001206,2
148,ปลานึ่งขิง,300 g,อาหารจานหลัก,201,48,0,0,1,350,โซเดียมต่ำ,3,0,0.004975124,-0.313654311,2.858085801,-1.247879567,-0.735826334,-0.764519772,-0.210955417,0.554018789,-0.860787093,-1.040381379,2
53,เต้าทึงน้ำลำใย,100 g,ขนม,130,4.5,31.5,21,0.5,14,โซเดียมต่ำ,0,0.666666666,0.003846154,-0.751697781,-0.645715589,0.068908704,1.351645952,-0.810336965,-0.809321118,-1.732407959,0.962194341,-1.087053277,2
58,ขนมปังไส้สับปะรด,100 g,ขนม,131,2,24,15,3,80,โซเดียมต่ำ,0,0.625,0.022900763,-0.745528154,-0.847083485,-0.244612313,0.755225299,-0.581251002,-0.691784998,-1.732407959,0.848258001,-0.299331383,2
90,ข้าวราดไข่เจียวหมูสับ,1 จาน / 300 g,อาหารจานหลัก,518,14,67,0,21,364,โซเดียมต่ำ,3,0,0.040540541,1.642117237,0.119482416,1.552908184,-0.735826334,1.068167929,-0.186023513,0.554018789,-0.860787093,0.42990102,2
116,ข้าวต้มกุ้ง,1 ชาม  / 300 g,อาหารจานหลัก,203,26.1,22.7,0,0.5,111.8,ไขมันต่ำ,3,0,0.002463054,-0.301315058,1.094103032,-0.298955956,-0.735826334,-0.810336965,-0.635153959,0.554018789,-0.860787093,-1.144230932,3
141,เห็ดรวมผัดน้ำมันหอย,300 g,อาหารจานหลัก,82,3.5,8.1,1.1,4.9,430,ไขมันต่ำ,3,0.135802469,0.059756098,-1.047839845,-0.726262748,-0.909276869,-0.626482548,-0.407145671,-0.068487393,0.554018789,-0.489439023,1.224276521,3
143,สลัดอกไก่ต้ม,300 g,อาหารจานหลัก,165,20,10,0,5,121,ไขมันต่ำ,3,0,0.03030303,-0.535760859,0.602765366,-0.829851545,-0.735826334,-0.397982232,-0.618770136,0.554018789,-0.860787093,0.006680017,3
117,ข้าวต้มหมู,1 ชาม  / 300 g,อาหารจานหลัก,200,9,36,1,2,740,ไขมันต่ำ,3,0.027777778,0.01,-0.319823937,-0.283253376,0.257021314,-0.636422892,-0.672885387,0.4835762,0.554018789,-0.784829533,-0.832651877,3
25,อะโวคาโด้,100 g,ผลไม้,160,2,8.5,0.7,14.7,0,ไขมันต่ำ,1,0.082352941,0.091875,-0.566608991,-0.847083485,-0.892555748,-0.666243925,0.490871303,-0.834253022,-0.97026571,-0.635595269,2.552079258,3
157,นมรสกาแฟลาเต้ - เมจิ,1 กล่อง / 200 ml,เครื่องดื่ม,90,5,11,10,2.5,0.25,ไขมันต่ำ,4,0.909090908,0.027777778,-0.998482834,-0.60544201,-0.788048742,0.258208088,-0.627068195,-0.83380781,1.316161038,1.625096679,-0.097714497,3
73,เกี๊ยวน้ำหมู,1 ถ้วย / 300 g,อาหารจานหลัก,140,7,15,3,6,930,ไขมันต่ำ,3,0.2,0.042857143,-0.690001517,-0.444347693,-0.620837533,-0.437616008,-0.306347847,0.821937757,0.554018789,-0.313892663,0.525669887,3
57,ขนมเบื้องไส้หวาน,100 g,ขนม,415,14.4,82.4,8.4,1.9,59.2,ไขมันต่ำ,0,0.101941748,0.004578313,1.006645724,0.151701279,2.196671339,0.09916258,-0.682048826,-0.728826684,-1.732407959,-0.582030223,-1.056785641,3
117,ข้าวต้มหมู,1 ชาม  / 300 g,อาหารจานหลัก,200,9,36,1,2,740,ไขมันต่ำ,3,0.027777778,0.01,-0.319823937,-0.283253376,0.257021314,-0.636422892,-0.672885387,0.4835762,0.554018789,-0.784829533,-0.832651877,3
132,น้ำพริกปลาทู,150 g,อาหารจานหลัก,77,8.5,8.9,3,1.1,1419,ไขมันต่ำ,3,0.337078651,0.014285714,-1.078687976,-0.323526956,-0.875834627,-0.437616008,-0.755356334,1.692773555,0.554018789,0.060945092,-0.655479473,3
140,กุ้งทอดกระเทียม,300 g,อาหารจานหลัก,540,34.2,60.2,0.2,16.4,423.7,ไขมันต่ำ,3,0.003322259,0.03037037,1.777849016,1.746535015,1.268649129,-0.715945646,0.646649758,-0.07970675,0.554018789,-0.851702468,0.009463871,3
56,ขนมทองม้วน,100 g,ขนม,135,2,25,13,3,164,ไขมันต่ำ,0,0.52,0.022222222,-0.720849649,-0.847083485,-0.202809511,0.556418414,-0.581251002,-0.542193573,-1.732407959,0.561138426,-0.327382428,3
161,"ขนมถ้วย, ใบเตย",100 g,ขนม,155,1.4,30.77,14,2.97,263,ไขมันต่ำ,0,0.454988625,0.01916129,-0.597457122,-0.89541178,0.038392658,0.655821856,-0.584000034,-0.365889393,-1.732407959,0.383366632,-0.45392205,3
25,อะโวคาโด้,100 g,ผลไม้,160,2,8.5,0.7,14.7,0,ไขมันต่ำ,1,0.082352941,0.091875,-0.566608991,-0.847083485,-0.892555748,-0.666243925,0.490871303,-0.834253022,-0.97026571,-0.635595269,2.552079258,3
131,แซลมอนลุยสวน,300 g,อาหารจานหลัก,371,27.8,19.9,9.8,20,1468,ไขมันต่ำ,3,0.492462311,0.053908356,0.735182166,1.231033202,-0.416003802,0.238327399,0.976533544,1.780035219,0.554018789,0.485837383,0.982529546,3
56,ขนมทองม้วน,100 g,ขนม,135,2,25,13,3,164,ไขมันต่ำ,0,0.52,0.022222222,-0.720849649,-0.847083485,-0.202809511,0.556418414,-0.581251002,-0.542193573,-1.732407959,0.561138426,-0.327382428,3
137,น้ำพริกอ่อง,100 g,อาหารจานหลัก,346,34.4,34.9,9.5,10.2,3030,ไขมันต่ำ,3,0.272206304,0.029479769,0.580941507,1.762644447,0.211038232,0.208506366,0.07851657,4.561723389,0.554018789,-0.116446536,-0.027353801,3
161,"ขนมถ้วย, ใบเตย",100 g,ขนม,155,1.4,30.77,14,2.97,263,ไขมันต่ำ,0,0.454988625,0.01916129,-0.597457122,-0.89541178,0.038392658,0.655821856,-0.584000034,-0.365889393,-1.732407959,0.383366632,-0.45392205,3
137,น้ำพริกอ่อง,100 g,อาหารจานหลัก,346,34.4,34.9,9.5,10.2,3030,ไขมันต่ำ,3,0.272206304,0.029479769,0.580941507,1.762644447,0.211038232,0.208506366,0.07851657,4.561723389,0.554018789,-0.116446536,-0.027353801,3
55,คุ๊กกี้ธัญพืช,100 g,ขนม,501,6,65,15,24,524,ไขมันต่ำ,0,0.230769231,0.047904192,1.537233589,-0.524894852,1.46930258,0.755225299,1.343071085,0.098912535,-1.732407959,-0.229755058,0.734316032,3
134,ข้าวผัดปลาแซลมอน,300 g,อาหารจานหลัก,527,44,4.9,2.6,42.4,689,ไขมันต่ำ,3,0.530612244,0.080455408,1.697643874,2.535897168,-1.043045836,-0.477377385,3.02914377,0.392752835,0.554018789,0.590157311,2.079990725,3
63,"กระเพาะปลา, เส้นหมี่",1 ถ้วย / 250 g,อาหารจานหลัก,220,7,45,0,2,1150,ไขมันต่ำ,3,0,0.009090909,-0.196431411,-0.444347693,0.633246534,-0.735826334,-0.672885387,1.213724824,0.554018789,-0.860787093,-0.870233902,3
135,ข้าวผัดน้ําพริกตาแดง,300 g,อาหารจานหลัก,588,24.4,47.9,4.7,33.7,460,ไขมันต่ำ,3,0.098121086,0.057312925,2.07399108,0.957172863,0.754474661,-0.268630156,2.23192462,-0.015061884,0.554018789,-0.592477717,1.123275218,3
165,"กล้วยไข่, เชื่อม ",100 g,ขนม,237,1.2,53.3,8.4,1.8,0.6,ไขมันต่ำ,0,0.157598499,0.007594937,-0.091547763,-0.911521212,0.980209793,0.09916258,-0.691212264,-0.833184512,-1.732407959,-0.429838386,-0.932077741,3
45,ข้าวต้มมัด,100 g,ขนม,183,2.5,38,15,2.3,220,ไขมันต่ำ,0,0.394736842,0.012568306,-0.424707585,-0.806809906,0.340626919,0.755225299,-0.645395072,-0.442465956,-1.732407959,0.218609809,-0.726477522,3
118,ข้าวต้มปลา,1 ชาม  / 300 g,อาหารจานหลัก,220,21,28.2,0.1,1.6,73,ไขมันต่ำ,3,0.003546099,0.007272727,-0.196431411,0.683312524,-0.069040544,-0.72588599,-0.709539141,-0.70425095,0.554018789,-0.851090383,-0.945397952,3
56,ขนมทองม้วน,100 g,ขนม,135,2,25,13,3,164,ไขมันต่ำ,0,0.52,0.022222222,-0.720849649,-0.847083485,-0.202809511,0.556418414,-0.581251002,-0.542193573,-1.732407959,0.561138426,-0.327382428,3
64,ก๋วยจั๊บณวน,1 ชาม / 250 g,อาหารจานหลัก,240,5,46,4,4,1550,ไขมันต่ำ,3,0.086956522,0.016666667,-0.073038884,-0.60544201,0.675049337,-0.338212566,-0.489616617,1.926064944,0.554018789,-0.623006906,-0.557050359,3
25,อะโวคาโด้,100 g,ผลไม้,160,2,8.5,0.7,14.7,0,ไขมันต่ำ,1,0.082352941,0.091875,-0.566608991,-0.847083485,-0.892555748,-0.666243925,0.490871303,-0.834253022,-0.97026571,-0.635595269,2.552079258,3
134,ข้าวผัดปลาแซลมอน,300 g,อาหารจานหลัก,527,44,4.9,2.6,42.4,689,ไขมันต่ำ,3,0.530612244,0.080455408,1.697643874,2.535897168,-1.043045836,-0.477377385,3.02914377,0.392752835,0.554018789,0.590157311,2.079990725,3
116,ข้าวต้มกุ้ง,1 ชาม  / 300 g,อาหารจานหลัก,203,26.1,22.7,0,0.5,111.8,ไขมันต่ำ,3,0,0.002463054,-0.301315058,1.094103032,-0.298955956,-0.735826334,-0.810336965,-0.635153959,0.554018789,-0.860787093,-1.144230932,3
73,เกี๊ยวน้ำหมู,1 ถ้วย / 300 g,อาหารจานหลัก,140,7,15,3,6,930,ไขมันต่ำ,3,0.2,0.042857143,-0.690001517,-0.444347693,-0.620837533,-0.437616008,-0.306347847,0.821937757,0.554018789,-0.313892663,0.525669887,3
57,ขนมเบื้องไส้หวาน,100 g,ขนม,415,14.4,82.4,8.4,1.9,59.2,ไขมันต่ำ,0,0.101941748,0.004578313,1.006645724,0.151701279,2.196671339,0.09916258,-0.682048826,-0.728826684,-1.732407959,-0.582030223,-1.056785641,3
118,ข้าวต้มปลา,1 ชาม  / 300 g,อาหารจานหลัก,220,21,28.2,0.1,1.6,73,ไขมันต่ำ,3,0.003546099,0.007272727,-0.196431411,0.683312524,-0.069040544,-0.72588599,-0.709539141,-0.70425095,0.554018789,-0.851090383,-0.945397952,3
135,ข้าวผัดน้ําพริกตาแดง,300 g,อาหารจานหลัก,588,24.4,47.9,4.7,33.7,460,ไขมันต่ำ,3,0.098121086,0.057312925,2.07399108,0.957172863,0.754474661,-0.268630156,2.23192462,-0.015061884,0.554018789,-0.592477717,1.123275218,3
135,ข้าวผัดน้ําพริกตาแดง,300 g,อาหารจานหลัก,588,24.4,47.9,4.7,33.7,460,ไขมันต่ำ,3,0.098121086,0.057312925,2.07399108,0.957172863,0.754474661,-0.268630156,2.23192462,-0.015061884,0.554018789,-0.592477717,1.123275218,3
133,ปลากะพงผัดขึ้นฉ่าย,300 g,อาหารจานหลัก,157,21,9,1.8,3.5,604,ไขมันต่ำ,3,0.2,0.022292994,-0.58511787,0.683312524,-0.871654347,-0.556900139,-0.53543381,0.241380559,0.554018789,-0.313892663,-0.324456722,3
55,คุ๊กกี้ธัญพืช,100 g,ขนม,501,6,65,15,24,524,ไขมันต่ำ,0,0.230769231,0.047904192,1.537233589,-0.524894852,1.46930258,0.755225299,1.343071085,0.098912535,-1.732407959,-0.229755058,0.734316032,3
64,ก๋วยจั๊บณวน,1 ชาม / 250 g,อาหารจานหลัก,240,5,46,4,4,1550,ไขมันต่ำ,3,0.086956522,0.016666667,-0.073038884,-0.60544201,0.675049337,-0.338212566,-0.489616617,1.926064944,0.554018789,-0.623006906,-0.557050359,3
137,น้ำพริกอ่อง,100 g,อาหารจานหลัก,346,34.4,34.9,9.5,10.2,3030,ไขมันต่ำ,3,0.272206304,0.029479769,0.580941507,1.762644447,0.211038232,0.208506366,0.07851657,4.561723389,0.554018789,-0.116446536,-0.027353801,3
160,โยเกิร์ตรสผลไม้รวม - ดัชชี่,1 ถ้วย / 135 g,เครื่องดื่ม,140,4,25,21,3,0.16,ไขมันต่ำ,4,0.84,0.021428571,-0.690001517,-0.685989168,-0.202809511,1.351645952,-0.581251002,-0.833968086,1.316161038,1.436169514,-0.360192133,3
138,ปลาผัดพริกสด,300 g,อาหารจานหลัก,439,17,68,2,11,720,ไขมันต่ำ,3,0.029411765,0.025056948,1.154716756,0.361123891,1.594710986,-0.53701945,0.151824079,0.447959194,0.554018789,-0.780361441,-0.210194236,3
133,ปลากะพงผัดขึ้นฉ่าย,300 g,อาหารจานหลัก,157,21,9,1.8,3.5,604,ไขมันต่ำ,3,0.2,0.022292994,-0.58511787,0.683312524,-0.871654347,-0.556900139,-0.53543381,0.241380559,0.554018789,-0.313892663,-0.324456722,3
144,ปลานิลนึ่งตะไคร้,300 g,อาหารจานหลัก,384,42,12.7,0,7,211,ไขมันต่ำ,3,0,0.018229167,0.815387308,2.374802851,-0.716983979,-0.735826334,-0.214713462,-0.458493609,0.554018789,-0.860787093,-0.492456254,3
141,เห็ดรวมผัดน้ำมันหอย,300 g,อาหารจานหลัก,82,3.5,8.1,1.1,4.9,430,ไขมันต่ำ,3,0.135802469,0.059756098,-1.047839845,-0.726262748,-0.909276869,-0.626482548,-0.407145671,-0.068487393,0.554018789,-0.489439023,1.224276521,3
132,น้ำพริกปลาทู,150 g,อาหารจานหลัก,77,8.5,8.9,3,1.1,1419,ไขมันต่ำ,3,0.337078651,0.014285714,-1.078687976,-0.323526956,-0.875834627,-0.437616008,-0.755356334,1.692773555,0.554018789,0.060945092,-0.655479473,3
143,สลัดอกไก่ต้ม,300 g,อาหารจานหลัก,165,20,10,0,5,121,ไขมันต่ำ,3,0,0.03030303,-0.535760859,0.602765366,-0.829851545,-0.735826334,-0.397982232,-0.618770136,0.554018789,-0.860787093,0.006680017,3
55,คุ๊กกี้ธัญพืช,100 g,ขนม,501,6,65,15,24,524,ไขมันต่ำ,0,0.230769231,0.047904192,1.537233589,-0.524894852,1.46930258,0.755225299,1.343071085,0.098912535,-1.732407959,-0.229755058,0.734316032,3
136,ห่อหมกปลาดอรี่,300 g,อาหารจานหลัก,508,38.3,19.4,6.9,31.7,933,ไขมันต่ำ,3,0.355670103,0.062401575,1.580420973,2.076778365,-0.436905203,-0.049942583,2.04865585,0.827280308,0.554018789,0.111782899,1.333641152,3
64,ก๋วยจั๊บณวน,1 ชาม / 250 g,อาหารจานหลัก,240,5,46,4,4,1550,ไขมันต่ำ,3,0.086956522,0.016666667,-0.073038884,-0.60544201,0.675049337,-0.338212566,-0.489616617,1.926064944,0.554018789,-0.623006906,-0.557050359,3
73,เกี๊ยวน้ำหมู,1 ถ้วย / 300 g,อาหารจานหลัก,140,7,15,3,6,930,ไขมันต่ำ,3,0.2,0.042857143,-0.690001517,-0.444347693,-0.620837533,-0.437616008,-0.306347847,0.821937757,0.554018789,-0.313892663,0.525669887,3
118,ข้าวต้มปลา,1 ชาม  / 300 g,อาหารจานหลัก,220,21,28.2,0.1,1.6,73,ไขมันต่ำ,3,0.003546099,0.007272727,-0.196431411,0.683312524,-0.069040544,-0.72588599,-0.709539141,-0.70425095,0.554018789,-0.851090383,-0.945397952,3
63,"กระเพาะปลา, เส้นหมี่",1 ถ้วย / 250 g,อาหารจานหลัก,220,7,45,0,2,1150,ไขมันต่ำ,3,0,0.009090909,-0.196431411,-0.444347693,0.633246534,-0.735826334,-0.672885387,1.213724824,0.554018789,-0.860787093,-0.870233902,3
160,โยเกิร์ตรสผลไม้รวม - ดัชชี่,1 ถ้วย / 135 g,เครื่องดื่ม,140,4,25,21,3,0.16,ไขมันต่ำ,4,0.84,0.021428571,-0.690001517,-0.685989168,-0.202809511,1.351645952,-0.581251002,-0.833968086,1.316161038,1.436169514,-0.360192133,3
57,ขนมเบื้องไส้หวาน,100 g,ขนม,415,14.4,82.4,8.4,1.9,59.2,ไขมันต่ำ,0,0.101941748,0.004578313,1.006645724,0.151701279,2.196671339,0.09916258,-0.682048826,-0.728826684,-1.732407959,-0.582030223,-1.056785641,3
144,ปลานิลนึ่งตะไคร้,300 g,อาหารจานหลัก,384,42,12.7,0,7,211,ไขมันต่ำ,3,0,0.018229167,0.815387308,2.374802851,-0.716983979,-0.735826334,-0.214713462,-0.458493609,0.554018789,-0.860787093,-0.492456254,3
144,ปลานิลนึ่งตะไคร้,300 g,อาหารจานหลัก,384,42,12.7,0,7,211,ไขมันต่ำ,3,0,0.018229167,0.815387308,2.374802851,-0.716983979,-0.735826334,-0.214713462,-0.458493609,0.554018789,-0.860787093,-0.492456254,3
165,"กล้วยไข่, เชื่อม ",100 g,ขนม,237,1.2,53.3,8.4,1.8,0.6,ไขมันต่ำ,0,0.157598499,0.007594937,-0.091547763,-0.911521212,0.980209793,0.09916258,-0.691212264,-0.833184512,-1.732407959,-0.429838386,-0.932077741,3
142,ฟักทองผัดไข่ขาว,300 g,อาหารจานหลัก,243,14.3,9.4,4.5,16.3,826,ไขมันต่ำ,3,0.478723404,0.067078189,-0.054530005,0.143646563,-0.854933226,-0.288510845,0.63748632,0.636729326,0.554018789,0.448268723,1.52697346,3
131,แซลมอนลุยสวน,300 g,อาหารจานหลัก,371,27.8,19.9,9.8,20,1468,ไขมันต่ำ,3,0.492462311,0.053908356,0.735182166,1.231033202,-0.416003802,0.238327399,0.976533544,1.780035219,0.554018789,0.485837383,0.982529546,3
138,ปลาผัดพริกสด,300 g,อาหารจานหลัก,439,17,68,2,11,720,ไขมันต่ำ,3,0.029411765,0.025056948,1.154716756,0.361123891,1.594710986,-0.53701945,0.151824079,0.447959194,0.554018789,-0.780361441,-0.210194236,3
132,น้ำพริกปลาทู,150 g,อาหารจานหลัก,77,8.5,8.9,3,1.1,1419,ไขมันต่ำ,3,0.337078651,0.014285714,-1.078687976,-0.323526956,-0.875834627,-0.437616008,-0.755356334,1.692773555,0.554018789,0.060945092,-0.655479473,3
134,ข้าวผัดปลาแซลมอน,300 g,อาหารจานหลัก,527,44,4.9,2.6,42.4,689,ไขมันต่ำ,3,0.530612244,0.080455408,1.697643874,2.535897168,-1.043045836,-0.477377385,3.02914377,0.392752835,0.554018789,0.590157311,2.079990725,3
45,ข้าวต้มมัด,100 g,ขนม,183,2.5,38,15,2.3,220,ไขมันต่ำ,0,0.394736842,0.012568306,-0.424707585,-0.806809906,0.340626919,0.755225299,-0.645395072,-0.442465956,-1.732407959,0.218609809,-0.726477522,3
165,"กล้วยไข่, เชื่อม ",100 g,ขนม,237,1.2,53.3,8.4,1.8,0.6,ไขมันต่ำ,0,0.157598499,0.007594937,-0.091547763,-0.911521212,0.980209793,0.09916258,-0.691212264,-0.833184512,-1.732407959,-0.429838386,-0.932077741,3
